"","","","","","","","","","","","","","","","","","","","","","","",""
"Pour chacune de ces affirmations, sélectionnez l'option qui reflète le mieux votre ressenti à propos de cette unité d'enseignement ","","","","","","","","","","","","","","","","J'ai eu des difficultés à comprendre les sujets suivants","","","","","","",""
"Les attentes et les objectifs sont clairement définis","La structure du cours sur GitHub est cohérente, facile d'accès et permet de retrouver rapidement les informations que je cherche","Les contenus (supports, présentations, consignes, énoncés, etc.) sont pertinents et me permettent de travailler de façon autonome","Lorsque j’ai rencontré des difficultés, j’ai pu trouver des réponses à mes questions (grâce aux discussions en classe, aux supports de cours, etc.)","Les présentations orales sont pertinentes et permettent de mieux comprendre la matière","J'apprécie la durée courte des parties théoriques au début de chaque cours","Les contenus pratiques (exercices) de chaque cours sont pertinents et adaptés à mon niveau","J'ai réalisé tous les contenus pratiques (exercices) proposés","Le temps nécessaire pour réaliser les contenus pratiques (exercices) était correct","Le travail pratique (labo) est motivant et permet d'appliquer les concepts vus en cours","Le temps nécessaire pour réaliser le travail pratique (labo) était correct","L'unité d'enseignement est variée, motivante et permet de ne pas m'ennuyer","Les éléments appris me seront utiles dans ma formation et pour mon futur","L'unité d'enseignement est","Le rythme de l'unité d'enseignement est","Les contenus pratiques sont","Git, GitHub and Markdown","Java, IntelliJ IDEA and Maven","Java IOs","Docker and Docker Compose","Je n'ai pas eu de difficultés particulières","J'ai moins apprécié et je propose...","J'ai particulièrement apprécié...","Autres remarques et commentaires"
"Tout à fait d'accord ★★★★","Tout à fait d'accord ★★★★","Tout à fait d'accord ★★★★","Tout à fait d'accord ★★★★","Tout à fait d'accord ★★★★","Tout à fait d'accord ★★★★","Tout à fait d'accord ★★★★","Tout à fait d'accord ★★★★","Tout à fait d'accord ★★★★","Tout à fait d'accord ★★★★","Tout à fait d'accord ★★★★","Tout à fait d'accord ★★★★","Tout à fait d'accord ★★★★","Adaptée","Adapté","Adaptés","","","","","X","","",""
"Tout à fait d'accord ★★★★","Plutôt d'accord ★★★☆","Tout à fait d'accord ★★★★","Tout à fait d'accord ★★★★","Tout à fait d'accord ★★★★","Tout à fait d'accord ★★★★","Plutôt d'accord ★★★☆","Plutôt d'accord ★★★☆","Pas d'accord ★★☆☆","Tout à fait d'accord ★★★★","Tout à fait d'accord ★★★★","Tout à fait d'accord ★★★★","Tout à fait d'accord ★★★★","Adaptée","Adapté","Adaptés","","","","","X","Un peu plus de temps pour les practicals works","","J'ai du plaisir à venir pour DAI, c'est un bon cours présenté par un bon prof"
"Plutôt d'accord ★★★☆","Tout à fait d'accord ★★★★","Plutôt d'accord ★★★☆","Plutôt d'accord ★★★☆","Tout à fait d'accord ★★★★","Tout à fait d'accord ★★★★","Tout à fait d'accord ★★★★","Plutôt d'accord ★★★☆","Plutôt d'accord ★★★☆","Plutôt d'accord ★★★☆","Plutôt d'accord ★★★☆","Plutôt d'accord ★★★☆","Tout à fait d'accord ★★★★","Adaptée","Adapté","Adaptés","","","X","","","","les sessions theoriques de 30 mins
Slides sans trop de bla bla",""
"Tout à fait d'accord ★★★★","Tout à fait d'accord ★★★★","Tout à fait d'accord ★★★★","Tout à fait d'accord ★★★★","Tout à fait d'accord ★★★★","Plutôt d'accord ★★★☆","Tout à fait d'accord ★★★★","Plutôt d'accord ★★★☆","Plutôt d'accord ★★★☆","Tout à fait d'accord ★★★★","Tout à fait d'accord ★★★★","Tout à fait d'accord ★★★★","Tout à fait d'accord ★★★★","Adaptée","Adapté","Adaptés","","X","","","","","Le cours est très bien construit et complet, tout le contenu est regroupé sur github ce qui facilite l'organisation. 
J'apprécie particulièrement que le cours soit partagé entre partie théorique et pratique.
Les cours oraux sont intéressants, Ludovic s'exprime très bien et veille à répondre aux questions.",""
"Tout à fait d'accord ★★★★","Pas d'accord ★★☆☆","Tout à fait d'accord ★★★★","Tout à fait d'accord ★★★★","Tout à fait d'accord ★★★★","Tout à fait d'accord ★★★★","Tout à fait d'accord ★★★★","Tout à fait d'accord ★★★★","Tout à fait d'accord ★★★★","Tout à fait d'accord ★★★★","Tout à fait d'accord ★★★★","Tout à fait d'accord ★★★★","Tout à fait d'accord ★★★★","Adaptée","Adapté","Adaptés","","","","X","","Je dois d'abord dire que ce cours est l'un des meilleures que j'ai eu à l'HEIGVD. Ce que j'ai moins apprécié c'est la structure du github (tout avoir sur github c'est incroyble!), mais je dois dire que c'est très compliqué de trouver l'information (on se perd facilement avec tout les liens, link to...). Je pense que tout en gardant la structure actuelle, il serait bien d'avoir une arborescence ""à coté"" avec seulement les support de cours, et les exercices. Donc comme ça on garde l'accès à toute l'informations, mais on à aussi très vite accès aux ressources les plus importantes. (ou autre solution bien sûr). Je pense aussi que la partie Docker était un peu rapide ou du moins pas assez développé pour l'importance du sujet.","On peut ne pas apprecier certain aspects mais le fait que ce cours est formulé avec le minimum mais le juste montant de théorie et que ensuite on peut faire de la pratique c'est vraiment bien. Le prof et l'assistant font de leur mieux pour que la matière soit vraiment assimilable et j'aime particulièrement le fait que ils étaient à notre place une fois, et font de leur mieux pour que le cours se passe bien. Très bon cours.",""
"Tout à fait d'accord ★★★★","Plutôt d'accord ★★★☆","Tout à fait d'accord ★★★★","Tout à fait d'accord ★★★★","Tout à fait d'accord ★★★★","Tout à fait d'accord ★★★★","Tout à fait d'accord ★★★★","Tout à fait d'accord ★★★★","Tout à fait d'accord ★★★★","Tout à fait d'accord ★★★★","Tout à fait d'accord ★★★★","Tout à fait d'accord ★★★★","Plutôt d'accord ★★★☆","Adaptée","Adapté","Adaptés","","","","X","","La prise en main du support de cours, WSL et Java peut être difficile dans les premiers jours puisqu'on découvre tout cela en même temps.
Commencer par le cours sur Git et Github pourrait potentiellement améliorer ceci.","Une prise en main ""professionnelle de Git, Github et Markdown"" 
Les laboratoires sont intéressants et nous pousse à apprendre
Le modèle pédagogique utilisé (cours rapide puis partie pratique) sont vraiment motivant et dynamique 
",""
"Tout à fait d'accord ★★★★","Tout à fait d'accord ★★★★","Tout à fait d'accord ★★★★","Tout à fait d'accord ★★★★","Tout à fait d'accord ★★★★","Tout à fait d'accord ★★★★","Tout à fait d'accord ★★★★","Plutôt d'accord ★★★☆","Plutôt d'accord ★★★☆","Tout à fait d'accord ★★★★","Tout à fait d'accord ★★★★","Tout à fait d'accord ★★★★","Tout à fait d'accord ★★★★","Adaptée","Adapté","Adaptés","","","","","X","","La théorie est rapide et concise. Elle permet d'introduire le sujet sans trop rentrer dans les détails et d'ensuite approfondir nos connaissances avec le contenu pratique. C'est une méthode de travail qui me convient bien et que j'aimerais bien voir dans plus de cours.","Plus d'enseignants devraient prendre exemple sur votre méthode d'enseignement"
"Pas d'accord ★★☆☆","Plutôt d'accord ★★★☆","Tout à fait d'accord ★★★★","Tout à fait d'accord ★★★★","Plutôt d'accord ★★★☆","Pas d'accord ★★☆☆","Tout à fait d'accord ★★★★","Tout à fait d'accord ★★★★","Tout à fait d'accord ★★★★","Tout à fait d'accord ★★★★","Tout à fait d'accord ★★★★","Plutôt d'accord ★★★☆","Pas d'accord ★★☆☆","Adaptée","Adapté","Adaptés","","","","","X","Du mal a comprendre quel est le fil directeur du cours; pourquoi faire des applications en local dans un client pour un cours qui s'appelle ""developpement d'applications internet"" ? Un peu de contexte pourrait aider je pense a s'intéresser (je ne vois pas encore trop l'utilité pour sécurité informatique, a part le fait de connaître des bases).
Il y a certains jours un peu trop de théorie, et je décroche malheureusement vite. Cependant je peux faire les exercices  ou regarder la suite pendant ce temps, donc c'est sympa.","La méthode d'enseignement est super, j'aime beaucoup pouvoir avancer a mon rythme comparé à d'autres cours ou nous sommes forcés de suivre 1h30 de théorie résumable en une page A4 ou en 20min.
Les exercices sont sympathiques et permettent d'avancer a notre rythme, et le temps est suffisant pour les effectuer en classe.","Lachez rien, je m'ennuie aussi beaucoup à la heig sauf pour certains cours comme celui-ci"
"Tout à fait d'accord ★★★★","Plutôt d'accord ★★★☆","Tout à fait d'accord ★★★★","Tout à fait d'accord ★★★★","Plutôt d'accord ★★★☆","Tout à fait d'accord ★★★★","Tout à fait d'accord ★★★★","Pas d'accord ★★☆☆","Plutôt d'accord ★★★☆","Plutôt d'accord ★★★☆","Plutôt d'accord ★★★☆","Tout à fait d'accord ★★★★","Tout à fait d'accord ★★★★","Adaptée","Adapté","Adaptés","","","","X","","","",""
"Tout à fait d'accord ★★★★","Plutôt d'accord ★★★☆","Tout à fait d'accord ★★★★","Tout à fait d'accord ★★★★","Tout à fait d'accord ★★★★","Tout à fait d'accord ★★★★","Tout à fait d'accord ★★★★","Tout à fait d'accord ★★★★","Tout à fait d'accord ★★★★","Tout à fait d'accord ★★★★","Tout à fait d'accord ★★★★","Plutôt d'accord ★★★☆","Plutôt d'accord ★★★☆","Adaptée","Adapté","Adaptés","","","","","X","PRG2 étant un prérquis, la lecture/écriture des fichiers devrait déjà avoir été assimilée. 
Les premiers chapitres du cours étant consacrés uniquement à la lecture/écriture des fichiers je trouve que le cours ne correspond pas tout à fait à ce qui est attendu d'un cours de développement d'appliaciton internet. 

L'arborescence github possède un peu trop de chapitres qui sont en fait des sous chapitres.
Peut être ajouter un dossier par chapitre.
exemple 
chapitre 1
       |---- 01.01-introduction-to-the-teaching-unit
       |-----01.02 ...
chapitre 2
       |------ ...

le chapitre 1 pouvant être nommé ça pourrait aussi aider à ajouter du contexte au chapitre 1 et donc résoudrait le premier problème cité","Ne pas avoir à utiliser cyberlearn

avoir accès au cours entier dès la première séance de cours

avoir le choix du sujet pour le premier travail pratique.",""
"Plutôt d'accord ★★★☆","Pas d'accord ★★☆☆","Plutôt d'accord ★★★☆","Plutôt d'accord ★★★☆","Plutôt d'accord ★★★☆","Pas d'accord ★★☆☆","Tout à fait d'accord ★★★★","Tout à fait d'accord ★★★★","Plutôt d'accord ★★★☆","Plutôt d'accord ★★★☆","Pas d'accord ★★☆☆","Tout à fait d'accord ★★★★","Tout à fait d'accord ★★★★","Adaptée","Adapté","Adaptés","X","","","X","","Autant que je comprends que Cyberlearn est pas une plateforme pratique et fiable, la structure du repository pour le cours n'est pas non plus le plus simple à naviguer. Il fallait un certain temps pour remarquer qu'il y a un lien dans la colonne de gauche du tableau du programme, qui permet d'accéder aux cours.
Le débit de parole lors des présentations est parfois trop rapide. Un peu plus de pause pour pouvoir lire les slides et digérer l'oral serait pratique.","Le cours semble d'être bien à jour. 
L'enseignant et l'assistant sont très responsifs.
On se sent pas juger lorsqu'on ne sait pas quelque chose (sauf peut-être pour l'utilisation de github)","C'est dommage que les consignes pour le laboratoire 1 était pas complête dans le pdf. Mon groupe a remarqué seulement très tard qu'il y avait certaines instructions supplémentaires sur le repository (hormis la grille d'évaluation).
Autant qu'on a utilisé Github auparavant, c'est la première fois qu'on nous a demandé de travailler avec des issues et des pull requests."
"Tout à fait d'accord ★★★★","Pas d'accord ★★☆☆","Tout à fait d'accord ★★★★","Plutôt d'accord ★★★☆","Plutôt d'accord ★★★☆","Tout à fait d'accord ★★★★","Tout à fait d'accord ★★★★","Tout à fait d'accord ★★★★","Plutôt d'accord ★★★☆","Plutôt d'accord ★★★☆","Tout à fait d'accord ★★★★","Plutôt d'accord ★★★☆","Tout à fait d'accord ★★★★","Adaptée","Adapté","Adaptés","","","","","X","","",""
"Plutôt d'accord ★★★☆","Tout à fait d'accord ★★★★","Tout à fait d'accord ★★★★","Tout à fait d'accord ★★★★","Tout à fait d'accord ★★★★","Tout à fait d'accord ★★★★","Tout à fait d'accord ★★★★","Plutôt d'accord ★★★☆","Tout à fait d'accord ★★★★","Tout à fait d'accord ★★★★","Tout à fait d'accord ★★★★","Tout à fait d'accord ★★★★","Tout à fait d'accord ★★★★","Adaptée","Adapté","Adaptés","","","","","X","","",""
"Tout à fait d'accord ★★★★","Plutôt d'accord ★★★☆","Tout à fait d'accord ★★★★","Plutôt d'accord ★★★☆","Tout à fait d'accord ★★★★","Plutôt d'accord ★★★☆","Tout à fait d'accord ★★★★","Tout à fait d'accord ★★★★","Plutôt d'accord ★★★☆","Tout à fait d'accord ★★★★","Tout à fait d'accord ★★★★","Tout à fait d'accord ★★★★","Tout à fait d'accord ★★★★","Adaptée","Adapté","Adaptés","","","","","X","","",""
"Plutôt d'accord ★★★☆","Plutôt d'accord ★★★☆","Tout à fait d'accord ★★★★","Plutôt d'accord ★★★☆","Tout à fait d'accord ★★★★","Plutôt d'accord ★★★☆","Tout à fait d'accord ★★★★","Tout à fait d'accord ★★★★","Plutôt d'accord ★★★☆","Tout à fait d'accord ★★★★","Tout à fait d'accord ★★★★","Tout à fait d'accord ★★★★","Tout à fait d'accord ★★★★","Adaptée","Adapté","Adaptés","","","","","X","Rajouter un marqueur pour la semaine actuelle ","",""
"Plutôt d'accord ★★★☆","Pas d'accord ★★☆☆","Plutôt d'accord ★★★☆","Pas d'accord ★★☆☆","Plutôt d'accord ★★★☆","Plutôt d'accord ★★★☆","Plutôt d'accord ★★★☆","Pas d'accord ★★☆☆","Plutôt d'accord ★★★☆","Plutôt d'accord ★★★☆","Pas d'accord ★★☆☆","Plutôt d'accord ★★★☆","Plutôt d'accord ★★★☆","Adaptée","Adapté","Je n'ai pas d'avis","X","","","","","Difficulté à comprendre l'architecture du cours sur github. solution sois laisser du temps au étudiant de l'analyser eu même ou le profs montre le fonctionnement.
","",""
"Tout à fait d'accord ★★★★","Plutôt d'accord ★★★☆","Tout à fait d'accord ★★★★","Plutôt d'accord ★★★☆","Tout à fait d'accord ★★★★","Tout à fait d'accord ★★★★","Tout à fait d'accord ★★★★","Plutôt d'accord ★★★☆","Tout à fait d'accord ★★★★","Tout à fait d'accord ★★★★","Tout à fait d'accord ★★★★","Tout à fait d'accord ★★★★","Tout à fait d'accord ★★★★","Adaptée","Adapté","Adaptés","","","","X","","La partie pratique de Docker m'avait l'air peu expliquée mais surtout pourquoi est-ce qu'on package un programme dans Docker. Peut-être que je n'avais pas entendu en cours mais je n'ai pas compris la suite logique qu'il faut faire avec Docker en général (image, push, pull, run). Peut-être que plus d'explications pour accompagner cette partie pratique pourrait aider","ENFIN UNE EXPLICATION SUR GITHUB. Cela était vraiment le bienvenue étant donné que tous les cours demandent de l'utiliser mais qu'il n'y a pas vraiment d'aide à ce sujet. Il pourrait aller plus en détail mais toutes les parties sont géniales.

Egalement, tout avoir sur GitHub est bien mieux de mon point de vue et nous habitue à prendre des bonnes pratiques surtout utiles pour le futur.

Le temps court des phases théoriques permet de ne pas s'endormir et les slides passent rapidement d'une à l'autre. On peut donc essayer directement après avec la pratique. J'aime bien l'aspect un peu plus autonome où on peut essayer les outils qu'on nous donne. Les exemples sont vraiment le bien venu surtout quand on ne connaît rien au sujet.","Continuez comme ça le cours est génial <3

Le GitHub est un peu fouilli au début mais avec le temps on s'y fait."
"Tout à fait d'accord ★★★★","Plutôt d'accord ★★★☆","Plutôt d'accord ★★★☆","Tout à fait d'accord ★★★★","Pas d'accord ★★☆☆","Tout à fait d'accord ★★★★","Tout à fait d'accord ★★★★","Tout à fait d'accord ★★★★","Tout à fait d'accord ★★★★","Tout à fait d'accord ★★★★","Tout à fait d'accord ★★★★","Plutôt d'accord ★★★☆","Tout à fait d'accord ★★★★","Adaptée","Adapté","Adaptés","","","","","X","","",""
"Tout à fait d'accord ★★★★","Plutôt d'accord ★★★☆","Tout à fait d'accord ★★★★","Tout à fait d'accord ★★★★","Tout à fait d'accord ★★★★","Tout à fait d'accord ★★★★","Tout à fait d'accord ★★★★","Tout à fait d'accord ★★★★","Plutôt d'accord ★★★☆","Tout à fait d'accord ★★★★","Tout à fait d'accord ★★★★","Tout à fait d'accord ★★★★","Tout à fait d'accord ★★★★","Adaptée","Adapté","Adaptés","","","","","X","Le seul point négatif que je trouve (mineur), j'ai parfois du mal à m'orienter dans l'organisation et surtout dans le repo ""heig-vd-dai-course"". Il y a surtout beaucoup de répertoires qui selon moi pourraient être rassemblés en un comme les répertoires ""practical-work"" (bien que je comprenne qu'ils soient placés de manière chronologique par rapport aux cours, mais ils pourraient tous être relatifs au sujet traité p.ex dans la catégorie 02 pour les IOs Java et ne pas s'étaler en plusieurs dossiers dans le repo)","Comme discuté en cours, les initiations à l'utilisation de git/Github et Docker sont cruciales. Même pour les personnes déjà initiées c'est très enrichissant de travailler à rendre un travail structuré et professionnel avec notamment une documentation et une architecture professionnelle. La présence de quizs à la fin des exercices est vraiment un plus pour permettre de valider des connaissances, s'assurer que l'on a bien compris certains éléments et potentiellement infirmer des suppositions que nous avons. Les cours sont très bien structurés et agréables à suivre, vous vous rendez toujours très disponibles (professeur et assistant) et cela fait vraiment la différence dans l'apprentissage. Merci de nous transmettre des connaissances dans de si bonnes conditions.","J'aimerais aller plus loin dans les exercices en faisant les parties additionnelles, mais au vu du travail que nous avons, ce n'est pas forcément évident."
"Tout à fait d'accord ★★★★","Tout à fait d'accord ★★★★","Tout à fait d'accord ★★★★","Tout à fait d'accord ★★★★","Tout à fait d'accord ★★★★","Tout à fait d'accord ★★★★","Tout à fait d'accord ★★★★","Plutôt d'accord ★★★☆","Tout à fait d'accord ★★★★","Tout à fait d'accord ★★★★","Tout à fait d'accord ★★★★","Tout à fait d'accord ★★★★","Tout à fait d'accord ★★★★","Adaptée","Adapté","Adaptés","","","","","X","La grille d'évaluation du premier projet. Chaque critère ne faisant que 0.2 points, la moindre faute nous fait perdre ""la moitié"" du critère. Je trouverai + adapté une grille + large qui ne fasse pas perdre la moitié des points à chaque erreur.","tout le reste",""
"Plutôt d'accord ★★★☆","Pas d'accord ★★☆☆","Tout à fait d'accord ★★★★","Tout à fait d'accord ★★★★","Tout à fait d'accord ★★★★","Tout à fait d'accord ★★★★","Pas d'accord ★★☆☆","Pas du tout d'accord ★☆☆☆","Plutôt d'accord ★★★☆","Plutôt d'accord ★★★☆","Plutôt d'accord ★★★☆","Tout à fait d'accord ★★★★","Tout à fait d'accord ★★★★","Adaptée","Adapté","Adaptés","","X","","","","ne jamais avoir fait de théorie générale de java avant de se lancer dans le labo","la liberté du programme dans les labos et de l'emplacement de travail (pas besoin d'être présent dans la classe)","Très stylé vos tatouages"
"Plutôt d'accord ★★★☆","Plutôt d'accord ★★★☆","Tout à fait d'accord ★★★★","Tout à fait d'accord ★★★★","Plutôt d'accord ★★★☆","Tout à fait d'accord ★★★★","Plutôt d'accord ★★★☆","Plutôt d'accord ★★★☆","Plutôt d'accord ★★★☆","Tout à fait d'accord ★★★★","Plutôt d'accord ★★★☆","Tout à fait d'accord ★★★★","Tout à fait d'accord ★★★★","Adaptée","Adapté","Adaptés","","","","X","","","- Le fait que les ""bonnes pratiques"" sont explicitées pour chaque sujet.
- Le contenu très pratique orienté industrie.",""
"Tout à fait d'accord ★★★★","Tout à fait d'accord ★★★★","Tout à fait d'accord ★★★★","Tout à fait d'accord ★★★★","Plutôt d'accord ★★★☆","Plutôt d'accord ★★★☆","Tout à fait d'accord ★★★★","Pas d'accord ★★☆☆","Plutôt d'accord ★★★☆","Tout à fait d'accord ★★★★","Tout à fait d'accord ★★★★","Tout à fait d'accord ★★★★","Tout à fait d'accord ★★★★","Adaptée","Adapté","Adaptés","","","","","X","","",""
"Tout à fait d'accord ★★★★","Tout à fait d'accord ★★★★","Tout à fait d'accord ★★★★","Tout à fait d'accord ★★★★","Tout à fait d'accord ★★★★","Plutôt d'accord ★★★☆","Tout à fait d'accord ★★★★","Tout à fait d'accord ★★★★","Tout à fait d'accord ★★★★","Tout à fait d'accord ★★★★","Plutôt d'accord ★★★☆","Tout à fait d'accord ★★★★","Tout à fait d'accord ★★★★","Adaptée","Adapté","Adaptés","","","","","X","","",""
"Plutôt d'accord ★★★☆","Plutôt d'accord ★★★☆","Tout à fait d'accord ★★★★","Tout à fait d'accord ★★★★","Tout à fait d'accord ★★★★","Tout à fait d'accord ★★★★","Tout à fait d'accord ★★★★","Plutôt d'accord ★★★☆","Plutôt d'accord ★★★☆","Tout à fait d'accord ★★★★","Plutôt d'accord ★★★☆","Tout à fait d'accord ★★★★","Tout à fait d'accord ★★★★","Adaptée","Adapté","Adaptés","","","X","","","Je ne pense pas que ce soit lié à ce cours mais n'ayant jamais vu de Java avant, le premier travail sur Java IOS m'a demandé énormément de temps et était compliqué.","J'apprécie avoir des cours pratiques et pouvoir avancer selon notre rythme.","Beau tatouage"
"Plutôt d'accord ★★★☆","Plutôt d'accord ★★★☆","Plutôt d'accord ★★★☆","Tout à fait d'accord ★★★★","Tout à fait d'accord ★★★★","Tout à fait d'accord ★★★★","Tout à fait d'accord ★★★★","Plutôt d'accord ★★★☆","Tout à fait d'accord ★★★★","Tout à fait d'accord ★★★★","Tout à fait d'accord ★★★★","Tout à fait d'accord ★★★★","Tout à fait d'accord ★★★★","Adaptée","Adapté","Adaptés","","X","","","","2-3 problèmes de compréhension pour ma part vis à vis de WSL et de son fonctionnement et rôle précis.
PS: ça m'arrive de louper l'information dans le cours même en le parcourant plusieurs fois donc excusez moi si l'information est en fait déjà assez explicite.","Le cours est soigné, vous vous exprimez très bien (articulation, maîtrise du sujet, concision).
L'atmosphère est détendue.","J'aime bien ce cours :)"
"Tout à fait d'accord ★★★★","Plutôt d'accord ★★★☆","Tout à fait d'accord ★★★★","Tout à fait d'accord ★★★★","Tout à fait d'accord ★★★★","Plutôt d'accord ★★★☆","Plutôt d'accord ★★★☆","Pas d'accord ★★☆☆","Plutôt d'accord ★★★☆","Plutôt d'accord ★★★☆","Plutôt d'accord ★★★☆","Tout à fait d'accord ★★★★","Tout à fait d'accord ★★★★","Adaptée","Adapté","Adaptés","","","","X","","Ce serait bien d'avoir une démo par sujet pour aider à démarrer les contenus pratiques.
Il y a beaucoup d'informations et parfois difficile de s'y retrouver.","Cours intéressant et bien présenté de manière didactique et concise.",""
"Plutôt d'accord ★★★☆","Tout à fait d'accord ★★★★","Tout à fait d'accord ★★★★","Plutôt d'accord ★★★☆","Tout à fait d'accord ★★★★","Tout à fait d'accord ★★★★","Plutôt d'accord ★★★☆","Plutôt d'accord ★★★☆","Plutôt d'accord ★★★☆","Tout à fait d'accord ★★★★","Tout à fait d'accord ★★★★","Plutôt d'accord ★★★☆","Plutôt d'accord ★★★☆","Adaptée","Adapté","Adaptés","X","X","X","X","","","",""
"Tout à fait d'accord ★★★★","Tout à fait d'accord ★★★★","Tout à fait d'accord ★★★★","Tout à fait d'accord ★★★★","Tout à fait d'accord ★★★★","Tout à fait d'accord ★★★★","Tout à fait d'accord ★★★★","Tout à fait d'accord ★★★★","Tout à fait d'accord ★★★★","Tout à fait d'accord ★★★★","Tout à fait d'accord ★★★★","Tout à fait d'accord ★★★★","Tout à fait d'accord ★★★★","Adaptée","Trop lent","Trop simples","","","","","X","Peut-être passer un peu moins de temps sur les premiers sujets, sur Git par exemple. J'aurais apprécié à l'inverse approfondir un peu l'utilisation de Docker.","La structure du cours est très claire. 
Tout avoir au même endroit sur Github.
Le côté très pratique du cours.",""
"Tout à fait d'accord ★★★★","Plutôt d'accord ★★★☆","Tout à fait d'accord ★★★★","Plutôt d'accord ★★★☆","Tout à fait d'accord ★★★★","Pas d'accord ★★☆☆","Plutôt d'accord ★★★☆","Pas du tout d'accord ★☆☆☆","Plutôt d'accord ★★★☆","Plutôt d'accord ★★★☆","Tout à fait d'accord ★★★★","Plutôt d'accord ★★★☆","Plutôt d'accord ★★★☆","Trop pratique","Adapté","Trop complexes","","","","X","","","",""
"Tout à fait d'accord ★★★★","Plutôt d'accord ★★★☆","Tout à fait d'accord ★★★★","Tout à fait d'accord ★★★★","Plutôt d'accord ★★★☆","Tout à fait d'accord ★★★★","Tout à fait d'accord ★★★★","Plutôt d'accord ★★★☆","Plutôt d'accord ★★★☆","Plutôt d'accord ★★★☆","Plutôt d'accord ★★★☆","Tout à fait d'accord ★★★★","Tout à fait d'accord ★★★★","Adaptée","Trop rapide","Adaptés","","","","","X","Le repo étant très dense il est possible de louper certaines infos/parties importantes. La période théorique est parfois un peu rapide selon la complexité de la matière.","Le fait de directement travailler et essayer ce qui a été dit après un cours théorique, cela laisse du temps afin de revoir et être sûr de bien comprendre certaine notions. Le cours est très bien organisé tout est claire et bien dit.",""
"Tout à fait d'accord ★★★★","Plutôt d'accord ★★★☆","Tout à fait d'accord ★★★★","Plutôt d'accord ★★★☆","Tout à fait d'accord ★★★★","Pas d'accord ★★☆☆","Plutôt d'accord ★★★☆","Plutôt d'accord ★★★☆","Plutôt d'accord ★★★☆","Tout à fait d'accord ★★★★","Tout à fait d'accord ★★★★","Tout à fait d'accord ★★★★","Tout à fait d'accord ★★★★","Trop pratique","Adapté","Adaptés","","","","X","","- Le contenu est en full anglais, alors que théoriquement on a des cours le semestre prochain (ANG1 / ANG2). Heureusement qu’il y a pas besoin de parler en anglais ! Mais je le conçoit le niveau requis n’est pas très important et ça nous force à lire en anglais. 

- Cette nouvelle méthode d’enseignement est nouvelle donc j’ai encore du mal à m’acclimater au speed run de la théorie pour le mettre en pratique en pendant la “théorie” en plus des laboratoires pour moi c est trop pratique mais … je suis formater depuis 2 ans à la vieille méthode. 

","- Liberté des sujets des laboratoires donc plus d’implication !
- Utilisation de GitHub correctement ! (Dommage ça devait être en prg1 - encore des vieux reflect de push into main)
- liberté des groupes de labo … entre les 4 laboratoires à faire par semaine on peut utiliser les forces de chacun.
- interactif, réponses au question… on est pas lancé dans la foire au lion !
- Transparence tout le temps … on est presque surpris.","Un peu frustré de pas savoir comme vous faites pour générer votre Md en pdf et présentation web. "
"Tout à fait d'accord ★★★★","Tout à fait d'accord ★★★★","Tout à fait d'accord ★★★★","Tout à fait d'accord ★★★★","Tout à fait d'accord ★★★★","Tout à fait d'accord ★★★★","Tout à fait d'accord ★★★★","Plutôt d'accord ★★★☆","Plutôt d'accord ★★★☆","Plutôt d'accord ★★★☆","Plutôt d'accord ★★★☆","Tout à fait d'accord ★★★★","Tout à fait d'accord ★★★★","Adaptée","Adapté","Adaptés","","","","","X","- Vaguement, certains exercices pratique disent ""l'output prévu est le suivant"" mais n'expliquent pas forcément ce que l'output signifie ou ce qui se passe derrière. J'aurais bien aimé comprendre tout de suite un peu plus loin pourquoi x commande donne un output spécifique pour des exemples génériques. Après, je pense aussi que ça invite à creuser la documentation de chaque application ce qui n'est pas plus mal non plus.","- La théorie qui va dans l'essentiel avec un support de cours complet et disposant de diverses sources et ressources pour chaque notion et outil vu
- Les critères pratiques très clairs dans le travail de groupe qui permettent vraiment de comprendre et d'utiliser git, ainsi que de découvrir comment proprement organiser et documenter un projet (ce qu'aucun cours d'avant ne présente)
- Disposition de l'enseignant et des assistants, ouverture et invitation à la discussion ","- Jusqu'ici le cours le mieux préparé au niveau du support de cours et le mieux donné au niveau de la théorie et de la pratique. Un grand merci pour l'énorme travail que vous fournissez pour rendre le cours le plus efficace, pratique et dynamique et intéressant possible
- Commentaire plutôt général: Dommage que l'on apprenne l'utilisation de Git si tard dans la formation. Pour PRG1, il était dit que Git ne faisait pas partie de l'évaluation ou de la matière du cours, cependant il a été utilisé pendant tout le premier semestre. Pareil pour ASD. Pour avoir fait PIN l'été dernier, se jeter sur un grand travail de groupe sans savoir se servir de Git correctement ni savoir organiser un workflow était un grand challenge sur lequel l'évaluation dépendait. Merci à vous d'enfin nous faire explorer cet outil essentiel"
"Tout à fait d'accord ★★★★","Tout à fait d'accord ★★★★","Tout à fait d'accord ★★★★","Tout à fait d'accord ★★★★","Tout à fait d'accord ★★★★","Tout à fait d'accord ★★★★","Tout à fait d'accord ★★★★","Tout à fait d'accord ★★★★","Tout à fait d'accord ★★★★","Tout à fait d'accord ★★★★","Tout à fait d'accord ★★★★","Tout à fait d'accord ★★★★","Tout à fait d'accord ★★★★","Adaptée","Adapté","Adaptés","","","","","X","","","I have experienced one particular thing during 1st practical work.
I had no idea how to manage my team properly, how to distribute tasks correctly, how to understand who is autonome and who needs to be asked about the progress.
I do not know if I am the only one who has had this experience, but I am pretty confident that it is almost impossible to have 3 equals teammates, even though if those 3 persons are equal at tech-skill level, they probably won't not have a vision of the idea, therefore one ought to guide the others."
"Pas d'accord ★★☆☆","Plutôt d'accord ★★★☆","Tout à fait d'accord ★★★★","Tout à fait d'accord ★★★★","Pas d'accord ★★☆☆","Pas d'accord ★★☆☆","Plutôt d'accord ★★★☆","Plutôt d'accord ★★★☆","Tout à fait d'accord ★★★★","Plutôt d'accord ★★★☆","Tout à fait d'accord ★★★★","Plutôt d'accord ★★★☆","Tout à fait d'accord ★★★★","Adaptée","Adapté","Adaptés","","","","","X","","",""
"Plutôt d'accord ★★★☆","Pas d'accord ★★☆☆","Plutôt d'accord ★★★☆","Plutôt d'accord ★★★☆","Plutôt d'accord ★★★☆","Plutôt d'accord ★★★☆","Plutôt d'accord ★★★☆","Plutôt d'accord ★★★☆","Plutôt d'accord ★★★☆","Plutôt d'accord ★★★☆","Pas d'accord ★★☆☆","Plutôt d'accord ★★★☆","Plutôt d'accord ★★★☆","Adaptée","Adapté","Adaptés","","","","","X","","",""
